Workbook

Sheet 2025年4月〜9月
A1: 管理番号 | B1: 発生日 | C1: 製造ライン | D1: 製品型番 | E1: 製品名 | F1: 不具合内容 | G1: 不具合分類 | H1: 重大度 | I1: 発見工程 | J1: 原因分類 | K1: 原因詳細 | L1: 是正処置 | M1: 担当者 | N1: ステータス | O1: 完了日 | P1: 分析所要日数 | Q1: 備考
A2: QR-2025-0001 | B2: 45750 | C2: L1 | D2: BC-7701 | E2: ブレーキキャリパー7701 | F2: キャリパーボディ内径がφ57.05mmで上限公差超過（規格：φ57.00±0.03mm） | G2: 寸法不良 | H2: B | I2: 最終検査 | J2: 設備要因 | K2: 圧入治具の摩耗により位置決め精度が低下、内径加工時の芯ずれが発生 | L2: 治具の交換と定期点検頻度を月1回から週1回に変更 | M2: 田中一郎 | N2: 対策完了 | O2: 45762 | P2: 3 | Q2: 同一治具で連続3件発生
A3: QR-2025-0002 | B3: 45755 | C3: L2 | D3: BC-7702 | E3: ブレーキキャリパー7702 | F3: ピストン摺動面にφ0.5mmの打痕を確認、外観検査で検出 | G3: 表面キズ | H3: B | I3: 最終検査 | J3: 人的要因 | K3: 組立作業者がピストン取扱い時に工具と接触させた | L3: ピストン専用保持具の導入と取扱い手順書の改訂 | M3: 鈴木花子 | N3: 対策完了 | O3: 45769 | P3: 2
A4: QR-2025-0003 | B4: 45759 | C4: L1 | D4: BC-7701 | E4: ブレーキキャリパー7701 | F4: キャリパーボディ内径がφ57.04mmで上限公差超過（規格：φ57.00±0.03mm） | G4: 寸法不良 | H4: B | I4: 最終検査 | J4: 設備要因 | K4: 圧入治具の摩耗が進行し、加工基準面の平行度が0.02mm低下 | L4: 治具の全数交換を実施、摩耗管理基準値を新設 | M4: 田中一郎 | N4: 対策完了 | O4: 45772 | P4: 2.5 | Q4: QR-2025-0001と同一原因
A5: QR-2025-0004 | B5: 45765 | C5: L3 | D5: BD-5500 | E5: ブレーキディスク5500 | F5: ディスク表面粗さRa1.8μm（規格：Ra1.6以下）、研磨工程で基準未達 | G5: 寸法不良 | H5: C | I5: 最終検査 | J5: 設備要因 | K5: 研磨ホイールの目詰まりにより切削性能が低下 | L5: 研磨ホイール交換サイクルを500個から300個に短縮 | M5: 高橋修 | N5: 対策完了 | O5: 45779 | P5: 1.5
A6: QR-2025-0005 | B6: 45769 | C6: L2 | D6: BC-7703 | E6: ブレーキキャリパー7703 | F6: 気密検査にて0.02MPaの圧力降下検出（許容値：0.01MPa以下） | G6: 気密不良 | H6: A | I6: 最終検査 | J6: 材料要因 | K6: シール材のロット不良により硬度が規格外（HS72、規格：HS65±3） | L6: 該当ロットの全数交換、受入検査に硬度試験を追加 | M6: 渡辺美咲 | N6: 対策完了 | O6: 45787 | P6: 5 | Q6: シール材メーカーへ改善要求書発行
A7: QR-2025-0006 | B7: 45775 | C7: L1 | D7: BC-7701 | E7: ブレーキキャリパー7701 | F7: キャリパーボディ内径がφ57.06mmで上限公差超過、連続発生 | G7: 寸法不良 | H7: A | I7: 受入検査 | J7: 設備要因 | K7: 治具交換後も摩耗が早期に進行、治具材質の硬度不足が判明 | L7: 治具材質をSKD11からSKH51に変更、硬度HRC62以上を規格化 | M7: 田中一郎 | N7: 対策完了 | O7: 45797 | P7: 7 | Q7: 治具メーカーと材質仕様を再協議
A8: QR-2025-0007 | B8: 45779 | C8: L4 | D8: BP-3300 | E8: ブレーキパッド3300 | F8: ブレーキパッド表面に微細クラック（長さ2mm）を確認 | G8: 材料不良 | H8: B | I8: 受入検査 | J8: 材料要因 | K8: 摩擦材の焼結温度が規定より15℃高く、熱応力によるクラック発生 | L8: 焼結炉の温度制御パラメータを再校正、温度記録の自動監視導入 | M8: 中村健太 | N8: 対策完了 | O8: 45795 | P8: 4
A9: QR-2025-0008 | B9: 45785 | C9: L1 | D9: BC-7702 | E9: ブレーキキャリパー7702 | F9: 圧入荷重が10.2kNで上限値超過（規格：8.5±1.5kN）、ボディ内径縮小の疑い | G9: 組立不良 | H9: B | I9: ピストン圧入 | J9: 設備要因 | K9: 圧入機のストローク制御センサーのドリフトにより過大荷重が発生 | L9: センサーの再校正と校正頻度を年1回から半年1回に変更 | M9: 山本理恵 | N9: 対策完了 | O9: 45802 | P9: 3
A10: QR-2025-0009 | B10: 45791 | C10: L2 | D10: BC-7701 | E10: ブレーキキャリパー7701 | F10: ボディ外周面に長さ15mmの線状キズを確認 | G10: 表面キズ | H10: C | I10: 最終検査 | J10: 人的要因 | K10: 搬送時にパレット上の隣接部品と接触 | L10: パレット仕切り板の追加と搬送手順の見直し | M10: 小林大輔 | N10: 対策完了 | O10: 45805 | P10: 1
A11: QR-2025-0010 | B11: 45797 | C11: L3 | D11: BD-5500 | E11: ブレーキディスク5500 | F11: ディスク厚さが24.85mm（規格：25.0±0.1mm）で下限公差超過 | G11: 寸法不良 | H11: B | I11: 最終検査 | J11: 設備要因 | K11: 旋盤の主軸ベアリング摩耗による加工振れの増大 | L11: 主軸ベアリングの交換と振れ測定の日次点検化 | M11: 高橋修 | N11: 対策完了 | O11: 45813 | P11: 4
A12: QR-2025-0011 | B12: 45802 | C12: L1 | D12: BC-7703 | E12: ブレーキキャリパー7703 | F12: ダストシール取付方向が逆（リップが内向き）、3個連続で発見 | G12: 組立不良 | H12: A | I12: シール取付 | J12: 人的要因 | K12: 新人作業者への教育不足と作業標準書の図解が不明瞭 | L12: 作業標準書の図解改訂、ポカヨケ治具の導入 | M12: 加藤真理 | N12: 対策完了 | O12: 45823 | P12: 5 | Q12: 教育記録の再整備を実施
A13: QR-2025-0012 | B13: 45809 | C13: L2 | D13: BC-7702 | E13: ブレーキキャリパー7702 | F13: キャリパー塗装面に気泡（φ1mm以上）が5箇所以上確認 | G13: 表面キズ | H13: C | I13: 最終検査 | J13: 環境要因 | K13: 塗装ブース内の湿度が85%RHまで上昇し、塗膜に水分混入 | L13: 塗装ブースの除湿機を更新、湿度上限アラーム設定値を75%RHに変更 | M13: 鈴木花子 | N13: 対策完了 | O13: 45826 | P13: 2 | Q13: 梅雨時期の特別管理手順を策定
A14: QR-2025-0013 | B14: 45813 | C14: L1 | D14: BC-7701 | E14: ブレーキキャリパー7701 | F14: キャリパーボディ穴位置が図面基準から0.08mmずれ（公差：±0.05mm） | G14: 寸法不良 | H14: B | I14: 最終検査 | J14: 設備要因 | K14: NCプログラムの座標原点設定にオフセット誤差が蓄積 | L14: 座標原点の自動補正プログラムの導入と毎朝の原点確認を義務化 | M14: 田中一郎 | N14: 対策完了 | O14: 45830 | P14: 3.5
A15: QR-2025-0014 | B15: 45820 | C15: L4 | D15: BP-3300 | E15: ブレーキパッド3300 | F15: パッド厚さが11.2mm（規格：12.0±0.5mm）で下限値を下回る | G15: 寸法不良 | H15: B | I15: 出荷前検査 | J15: 設備要因 | K15: プレス成形機の型締力低下によりパッド成形後の収縮量が増大 | L15: 型締力の再調整と定期計測の実施（月次） | M15: 中村健太 | N15: 対策完了 | O15: 45836 | P15: 2.5
A16: QR-2025-0015 | B16: 45826 | C16: L3 | D16: BD-5500 | E16: ブレーキディスク5500 | F16: ディスク外周に深さ0.3mmのバリ残存、面取り不十分 | G16: 表面キズ | H16: C | I16: 最終検査 | J16: 設備要因 | K16: 面取り工具の刃先摩耗が進行（交換基準の2倍使用） | L16: 工具寿命管理のカウンタ導入と自動交換アラーム設定 | M16: 高橋修 | N16: 対策完了 | O16: 45839 | P16: 1
A17: QR-2025-0016 | B17: 45833 | C17: L2 | D17: BC-7701 | E17: ブレーキキャリパー7701 | F17: キャリパーの鋳巣（φ2mm）がボディ肉厚部に確認 | G17: 材料不良 | H17: A | I17: 受入検査 | J17: 材料要因 | K17: 鋳造メーカーの溶湯管理不備（注湯温度が50℃低い） | L17: 鋳造メーカーへの緊急監査実施、注湯温度の連続モニタリング要求 | M17: 渡辺美咲 | N17: 対策完了 | O17: 45853 | P17: 6 | Q17: 代替メーカーの評価を開始
A18: QR-2025-0017 | B18: 45840 | C18: L1 | D18: BC-7702 | E18: ブレーキキャリパー7702 | F18: ピストンシール溝の幅が2.55mm（規格：2.50±0.03mm）で上限超過 | G18: 寸法不良 | H18: B | I18: ピストン圧入 | J18: 設備要因 | K18: 溝加工用バイトのチッピングにより加工幅が拡大 | L18: バイトの交換と加工後の溝幅全数検査の一時的実施 | M18: 山本理恵 | N18: 対策完了 | O18: 45856 | P18: 2
A19: QR-2025-0018 | B19: 45846 | C19: L4 | D19: BP-3300 | E19: ブレーキパッド3300 | F19: パッドとバックプレートの接着強度が15N/mm²（規格：20N/mm²以上） | G19: 組立不良 | H19: A | I19: 出荷前検査 | J19: 材料要因 | K19: 接着剤の保管温度が規格外（35℃、規格：25℃以下）で劣化 | L19: 接着剤保管庫にエアコン設置、温度記録の日次確認を実施 | M19: 中村健太 | N19: 対策完了 | O19: 45866 | P19: 5 | Q19: 夏季の保管基準を新設
A20: QR-2025-0019 | B20: 45853 | C20: L1 | D20: BC-7701 | E20: ブレーキキャリパー7701 | F20: キャリパーボディ内径がφ57.04mmで上限公差付近、傾向管理で検出 | G20: 寸法不良 | H20: C | I20: 最終検査 | J20: 設備要因 | K20: 治具材質変更後も微小な摩耗傾向が確認される（想定範囲内） | L20: 摩耗量の統計管理を開始、Xbar-R管理図による傾向監視 | M20: 田中一郎 | N20: 対策完了 | O20: 45866 | P20: 1.5 | Q20: 予防的検出、公差内だが傾向監視
A21: QR-2025-0020 | B21: 45860 | C21: L3 | D21: BD-5500 | E21: ブレーキディスク5500 | F21: ディスクのベンチレーション穴位置ずれ（0.15mm、公差±0.1mm） | G21: 寸法不良 | H21: B | I21: 最終検査 | J21: 設備要因 | K21: ドリル加工機のリニアガイドのバックラッシュ増大 | L21: リニアガイドの交換と予圧調整、定期バックラッシュ測定の導入 | M21: 高橋修 | N21: 効果確認中 | P21: 3 | Q21: 交換部品納期待ち
A22: QR-2025-0021 | B22: 45866 | C22: L2 | D22: BC-7703 | E22: ブレーキキャリパー7703 | F22: 気密検査にて0.015MPaの微小圧力降下検出（許容値：0.01MPa以下） | G22: 気密不良 | H22: B | I22: 最終検査 | J22: 設計要因 | K22: シール溝の設計寸法と実際のシール材の圧縮率が不整合 | L22: シール溝深さの設計変更（2.0mm→1.8mm）を検討中 | M22: 渡辺美咲 | N22: 対策実施中 | P22: 4.5 | Q22: 設計部門と協議中
A23: QR-2025-0022 | B23: 45873 | C23: L1 | D23: BC-7702 | E23: ブレーキキャリパー7702 | F23: キャリパーボディのねじ穴M8のタップ深さ不足（12mm、規格：15mm以上） | G23: 寸法不良 | H23: B | I23: ピストン圧入 | J23: 人的要因 | K23: タップ加工時のZ軸送り設定を作業者が誤入力 | L23: 入力値の自動チェック機能追加と入力画面のUI改善 | M23: 小林大輔 | N23: 対策完了 | O23: 45889 | P23: 2
A24: QR-2025-0023 | B24: 45879 | C24: L4 | D24: BP-3300 | E24: ブレーキパッド3300 | F24: パッド摩擦面に異物混入（金属片φ0.8mm）を検出 | G24: 材料不良 | H24: A | I24: 受入検査 | J24: 材料要因 | K24: 摩擦材原料の篩い工程で目開きが規定より大きいメッシュを使用 | L24: 篩い工程の管理強化、メッシュのロット管理番号による追跡体制構築 | M24: 中村健太 | N24: 対策完了 | O24: 45897 | P24: 5.5 | Q24: 原料メーカーへ是正要求
A25: QR-2025-0024 | B25: 45887 | C25: L2 | D25: BC-7701 | E25: ブレーキキャリパー7701 | F25: キャリパーの表面処理（アルマイト）膜厚が8μm（規格：10±2μm） | G25: 表面キズ | H25: C | I25: 出荷前検査 | J25: 環境要因 | K25: アルマイト処理槽の液温が季節変動で2℃低下し膜厚成長速度が低下 | L25: 処理槽のヒーター容量増強と温度制御の精度向上 | M25: 鈴木花子 | N25: 対策完了 | O25: 45901 | P25: 2
A26: QR-2025-0025 | B26: 45894 | C26: L3 | D26: BD-5500 | E26: ブレーキディスク5500 | F26: ディスク表面にφ3mmの腐食痕を3箇所確認 | G26: その他 | H26: C | I26: 出荷前検査 | J26: 環境要因 | K26: 中間在庫の保管エリアで防錆処理前に結露が発生 | L26: 中間在庫エリアの除湿対策と防錆油の即時塗布ルール化 | M26: 高橋修 | N26: 対策完了 | O26: 45908 | P26: 1.5 | Q26: 在庫保管基準を改訂
A27: QR-2025-0026 | B27: 45901 | C27: L1 | D27: BC-7701 | E27: ブレーキキャリパー7701 | F27: キャリパーボディ内径がφ57.035mmで公差上限に接近（規格：φ57.00±0.03mm） | G27: 寸法不良 | H27: C | I27: 最終検査 | J27: 設備要因 | K27: 加工機の熱変位による寸法変動（午後の加工で寸法が大きくなる傾向） | L27: 加工機の暖機運転時間を延長、熱変位補正機能の有効化 | M27: 田中一郎 | N27: 対策完了 | O27: 45912 | P27: 2 | Q27: Xbar-R管理図で傾向把握済み
A28: QR-2025-0027 | B28: 45905 | C28: L2 | D28: BC-7703 | E28: ブレーキキャリパー7703 | F28: キャリパーのブリーダースクリュー座面に加工バリ残存 | G28: 表面キズ | H28: C | I28: シール取付 | J28: 人的要因 | K28: バリ取り作業の確認手順をスキップした（作業者自己申告） | L28: バリ取り完了の確認サインを作業指示書に追加 | M28: 加藤真理 | N28: 対策完了 | O28: 45915 | P28: 0.5
A29: QR-2025-0028 | B29: 45912 | C29: L4 | D29: BP-3300 | E29: ブレーキパッド3300 | F29: パッドの面取り角度が50°（規格：45±3°）で上限超過 | G29: 寸法不良 | H29: C | I29: 最終検査 | J29: 設備要因 | K29: 面取り加工機の角度設定用ストッパーの固定ボルトが緩み | L29: 固定ボルトの締付トルク管理と緩み止め処置の実施 | M29: 中村健太 | N29: 対策完了 | O29: 45922 | P29: 1
A30: QR-2025-0029 | B30: 45918 | C30: L1 | D30: BC-7702 | E30: ブレーキキャリパー7702 | F30: ピストンの外径がφ56.88mm（規格：φ56.94±0.02mm）で下限超過 | G30: 寸法不良 | H30: B | I30: ピストン圧入 | J30: 設備要因 | K30: 外径研削盤の砥石ドレス量が過大、調査中 | L30: 砥石ドレス条件の見直しと自動測定フィードバック制御の検討 | M30: 山本理恵 | N30: 原因分析中 | P30: 3.5 | Q30: 研削盤メーカーに技術相談中
A31: QR-2025-0030 | B31: 45925 | C31: L3 | D31: BC-7701 | E31: ブレーキキャリパー7701 | F31: キャリパーのシリンダーボア真円度が0.015mm（規格：0.01mm以下） | G31: 寸法不良 | H31: B | I31: 最終検査 | J31: 設備要因 | K31: ホーニング加工の砥石偏摩耗により真円度が悪化、原因調査中 | L31: 砥石交換後の効果確認を実施中 | M31: 田中一郎 | N31: 原因分析中 | P31: 4 | Q31: ホーニング条件の最適化を検討中

Sheet 集計
A1: 東洋精密工業株式会社 不具合レポート集計（2025年4月〜9月）
A3: ■ 月別の不具合件数
A4: 月 | B4: 件数 | C4: 累計
A5: 4月 | B5: =COUNTIFS('2025年4月〜9月'!B2:B31,">="&DATE(2025,4,1),'2025年4月〜9月'!B2:B31,"<"&DATE(2025,5,1)) -> 6 | C5: =B5 -> 6
A6: 5月 | B6: =COUNTIFS('2025年4月〜9月'!B2:B31,">="&DATE(2025,5,1),'2025年4月〜9月'!B2:B31,"<"&DATE(2025,6,1)) -> 5 | C6: =C5+B6 -> 11
A7: 6月 | B7: =COUNTIFS('2025年4月〜9月'!B2:B31,">="&DATE(2025,6,1),'2025年4月〜9月'!B2:B31,"<"&DATE(2025,7,1)) -> 5 | C7: =C6+B7 -> 16
A8: 7月 | B8: =COUNTIFS('2025年4月〜9月'!B2:B31,">="&DATE(2025,7,1),'2025年4月〜9月'!B2:B31,"<"&DATE(2025,8,1)) -> 5 | C8: =C7+B8 -> 21
A9: 8月 | B9: =COUNTIFS('2025年4月〜9月'!B2:B31,">="&DATE(2025,8,1),'2025年4月〜9月'!B2:B31,"<"&DATE(2025,9,1)) -> 4 | C9: =C8+B9 -> 25
A10: 9月 | B10: =COUNTIFS('2025年4月〜9月'!B2:B31,">="&DATE(2025,9,1),'2025年4月〜9月'!B2:B31,"<"&DATE(2025,10,1)) -> 5 | C10: =C9+B10 -> 30
A11: 合計 | B11: =SUM(B5:B10) -> 30
A13: ■ 不具合分類別の件数と割合
A14: 不具合分類 | B14: 件数 | C14: 割合
A15: 寸法不良 | B15: =COUNTIF('2025年4月〜9月'!G2:G31,A15) -> 15 | C15: =IF(B11=0,0,B15/B11) -> 0.5
A16: 表面キズ | B16: =COUNTIF('2025年4月〜9月'!G2:G31,A16) -> 6 | C16: =IF(B11=0,0,B16/B11) -> 0.2
A17: 材料不良 | B17: =COUNTIF('2025年4月〜9月'!G2:G31,A17) -> 3 | C17: =IF(B11=0,0,B17/B11) -> 0.1
A18: 組立不良 | B18: =COUNTIF('2025年4月〜9月'!G2:G31,A18) -> 3 | C18: =IF(B11=0,0,B18/B11) -> 0.1
A19: 気密不良 | B19: =COUNTIF('2025年4月〜9月'!G2:G31,A19) -> 2 | C19: =IF(B11=0,0,B19/B11) -> 0.066666667
A20: その他 | B20: =COUNTIF('2025年4月〜9月'!G2:G31,A20) -> 1 | C20: =IF(B11=0,0,B20/B11) -> 0.033333333
A21: 合計 | B21: =SUM(B15:B20) -> 30 | C21: =SUM(C15:C20) -> 1
A23: ■ 重大度別の件数
A24: 重大度 | B24: 件数 | C24: 割合
A25: A（重大） | B25: =COUNTIF('2025年4月〜9月'!H2:H31,"A") -> 6 | C25: =IF(B11=0,0,B25/B11) -> 0.2
A26: B（中程度） | B26: =COUNTIF('2025年4月〜9月'!H2:H31,"B") -> 14 | C26: =IF(B11=0,0,B26/B11) -> 0.46666667
A27: C（軽微） | B27: =COUNTIF('2025年4月〜9月'!H2:H31,"C") -> 10 | C27: =IF(B11=0,0,B27/B11) -> 0.33333333
A29: ■ ライン別の件数
A30: 製造ライン | B30: 件数 | C30: 割合
A31: L1 | B31: =COUNTIF('2025年4月〜9月'!C2:C31,A31) -> 11 | C31: =IF(B11=0,0,B31/B11) -> 0.36666667
A32: L2 | B32: =COUNTIF('2025年4月〜9月'!C2:C31,A32) -> 8 | C32: =IF(B11=0,0,B32/B11) -> 0.26666667
A33: L3 | B33: =COUNTIF('2025年4月〜9月'!C2:C31,A33) -> 6 | C33: =IF(B11=0,0,B33/B11) -> 0.2
A34: L4 | B34: =COUNTIF('2025年4月〜9月'!C2:C31,A34) -> 5 | C34: =IF(B11=0,0,B34/B11) -> 0.16666667
A36: ■ 平均分析所要日数
A37: 指標 | B37: 日数
A38: 全体平均 | B38: =AVERAGE('2025年4月〜9月'!P2:P31) -> 3.0333333
A39: 最大値 | B39: =MAX('2025年4月〜9月'!P2:P31) -> 7
A40: 最小値 | B40: =MIN('2025年4月〜9月'!P2:P31) -> 0.5
A41: 中央値 | B41: =MEDIAN('2025年4月〜9月'!P2:P31) -> 2.75
